timestamp,username,ip_address,location,status
2026-06-02 07:15:00,charlie,192.168.1.20,NewYork,success
2026-06-02 07:47:00,alice,192.168.1.20,NewYork,success
2026-06-02 09:02:00,charlie,192.168.1.10,NewYork,success
2026-06-02 09:50:00,bob,192.168.1.10,NewYork,success
2026-06-02 12:52:00,bob,10.0.0.5,NewYork,success
2026-06-02 13:33:00,alice,10.0.0.5,NewYork,success
2026-06-02 15:14:00,charlie,192.168.1.10,LosAngeles,success
2026-06-02 16:01:00,bob,10.0.0.5,NewYork,success
2026-06-02 17:08:00,bob,10.0.0.5,LosAngeles,success
2026-06-03 08:17:00,bob,10.0.0.5,NewYork,success
2026-06-03 08:30:00,charlie,192.168.1.10,LosAngeles,success
2026-06-03 09:38:00,bob,10.0.0.5,LosAngeles,success
2026-06-03 10:23:00,bob,192.168.1.20,LosAngeles,success
2026-06-03 12:33:00,bob,10.0.0.5,NewYork,success
2026-06-03 12:45:00,alice,10.0.0.5,LosAngeles,success
2026-06-03 15:04:00,bob,10.0.0.5,NewYork,success
2026-06-03 15:25:00,alice,192.168.1.20,LosAngeles,success
2026-06-03 15:31:00,charlie,10.0.0.5,NewYork,success
2026-06-03 15:51:00,charlie,10.0.0.5,LosAngeles,success
2026-06-03 16:08:00,charlie,192.168.1.20,NewYork,success
2026-06-03 16:53:00,alice,10.0.0.5,NewYork,success
2026-06-04 07:53:00,charlie,192.168.1.20,NewYork,success
2026-06-04 09:25:00,bob,10.0.0.5,LosAngeles,success
2026-06-04 10:38:00,bob,10.0.0.5,NewYork,success
2026-06-04 10:51:00,alice,192.168.1.20,NewYork,success
2026-06-04 11:49:00,alice,192.168.1.20,NewYork,success
2026-06-04 12:44:00,bob,192.168.1.10,LosAngeles,success
2026-06-04 12:57:00,bob,192.168.1.20,NewYork,success
2026-06-04 14:28:00,alice,192.168.1.10,LosAngeles,success
2026-06-04 15:13:00,bob,192.168.1.20,NewYork,success
2026-06-04 16:43:00,alice,10.0.0.5,NewYork,success
2026-06-04 17:45:00,charlie,192.168.1.10,LosAngeles,success
2026-06-05 09:08:00,alice,192.168.1.10,NewYork,success
2026-06-05 11:32:00,bob,192.168.1.20,NewYork,success
2026-06-05 12:50:00,alice,192.168.1.20,NewYork,success
2026-06-05 13:08:00,bob,192.168.1.20,LosAngeles,success
2026-06-05 14:10:00,bob,10.0.0.5,NewYork,success
2026-06-05 14:37:00,charlie,192.168.1.10,NewYork,success
2026-06-05 15:34:00,charlie,192.168.1.20,LosAngeles,success
2026-06-06 07:09:00,charlie,192.168.1.20,NewYork,success
2026-06-06 08:21:00,alice,10.0.0.5,LosAngeles,success
2026-06-06 09:14:00,charlie,192.168.1.20,NewYork,success
2026-06-06 10:17:00,charlie,192.168.1.20,LosAngeles,success
2026-06-06 11:05:00,charlie,192.168.1.10,NewYork,success
2026-06-06 14:28:00,bob,10.0.0.5,NewYork,success
2026-06-06 14:45:00,alice,192.168.1.10,LosAngeles,success
2026-06-06 15:18:00,alice,192.168.1.10,NewYork,success
2026-06-06 16:24:00,alice,192.168.1.20,NewYork,success
2026-06-06 17:32:00,charlie,192.168.1.10,LosAngeles,success
2026-06-06 17:46:00,bob,10.0.0.5,NewYork,success
2026-06-07 10:02:00,bob,10.0.0.5,LosAngeles,success
2026-06-07 11:25:00,bob,192.168.1.20,NewYork,success
2026-06-07 12:24:00,bob,192.168.1.10,LosAngeles,success
2026-06-07 13:16:00,charlie,10.0.0.5,NewYork,success
2026-06-07 14:14:00,alice,192.168.1.20,LosAngeles,success
2026-06-07 14:44:00,charlie,192.168.1.20,NewYork,success
2026-06-07 15:38:00,bob,192.168.1.20,LosAngeles,success
2026-06-07 17:33:00,alice,192.168.1.20,LosAngeles,success
2026-06-07 20:55:00,alice,192.168.1.10,NewYork,success
2026-06-08 07:20:00,bob,192.168.1.20,NewYork,success
2026-06-08 07:48:00,alice,10.0.0.5,NewYork,success
2026-06-08 08:52:00,alice,192.168.1.10,NewYork,success
2026-06-08 09:30:00,charlie,192.168.1.10,NewYork,success
2026-06-08 09:35:00,charlie,10.0.0.5,NewYork,success
2026-06-08 09:41:00,bob,192.168.1.20,NewYork,success
2026-06-08 10:52:00,bob,10.0.0.5,LosAngeles,success
2026-06-08 11:58:00,charlie,192.168.1.20,LosAngeles,success
2026-06-08 12:06:00,alice,192.168.1.20,LosAngeles,success
2026-06-08 13:14:00,bob,192.168.1.20,LosAngeles,success
2026-06-08 14:13:00,alice,192.168.1.20,NewYork,success
2026-06-08 15:05:00,charlie,192.168.1.10,NewYork,success
2026-06-08 17:55:00,bob,203.0.113.45,Tokyo,success
2026-06-08 22:25:00,admin,198.51.100.78,Unknown,failed
2026-06-08 22:26:00,admin,198.51.100.78,Unknown,failed
2026-06-08 22:27:00,admin,198.51.100.78,Unknown,failed
2026-06-08 22:28:00,admin,198.51.100.78,Unknown,failed
2026-06-08 22:29:00,admin,198.51.100.78,Unknown,failed
2026-06-08 22:30:00,admin,198.51.100.78,Unknown,failed
2026-06-08 22:31:00,admin,198.51.100.78,Unknown,failed
2026-06-08 22:32:00,admin,198.51.100.78,Unknown,failed
2026-06-08 22:33:00,admin,198.51.100.78,Unknown,failed
2026-06-08 22:34:00,admin,198.51.100.78,Unknown,failed
2026-06-08 22:35:00,admin,198.51.100.78,Unknown,failed
2026-06-08 22:36:00,admin,198.51.100.78,Unknown,failed
2026-06-08 22:37:00,admin,198.51.100.78,Unknown,failed
2026-06-08 22:38:00,admin,198.51.100.78,Unknown,failed
2026-06-08 22:39:00,admin,198.51.100.78,Unknown,failed
